{
"lengthUnit": "mil",
"remark": ["fly_line"],
"components": {
	"fields": ["COMPONENT_NO", "COMPONENT_NAME", "LAYER", "X_COORDINATE", "Y_COORDINATE", "ANGLE"],
	"rows": [
		[1, "C1", "T", -140, -110, 90],
		[2, "C2", "T", -142.5895, -261.904, 270],
		[3, "C3", "T", 142.68, -262.56, 270],
		[4, "C4", "T", 140, -120, 90],
		[5, "H1", "T", 215, -255, 270],
		[6, "H2", "T", -215, -255, 270],
		[7, "R1", "T", 120, -30, 0],
		[8, "R2", "T", -121.84, -25, 0],
		[9, "R3", "T", -135, -415, 270],
		[10, "SW1", "T", 55, -430, 0],
		[11, "U1", "T", 0, -130, 0],
		[12, "U2", "T", 0, -290, 0],
		[13, "USBC2", "T", 0, 125, 180],
		[14, "PAD1", "T", -140, -82.44, 0],
		[15, "PAD2", "T", -140, -137.56, 0],
		[16, "PAD3", "T", -142.5895, -289.464, 0],
		[17, "PAD4", "T", -142.5895, -234.344, 0],
		[18, "PAD5", "T", 142.68, -290.12, 0],
		[19, "PAD6", "T", 142.68, -235, 0],
		[20, "PAD7", "T", 140, -92.44, 0],
		[21, "PAD8", "T", 140, -147.56, 0],
		[22, "PAD9", "T", 137.04, -30, 0],
		[23, "PAD10", "T", 102.96, -30, 0],
		[24, "PAD11", "T", -104.8, -25, 0],
		[25, "PAD12", "T", -138.88, -25, 0],
		[26, "PAD13", "T", -59.055, -159.495, 0],
		[27, "PAD14", "T", -59.055, -139.795, 0],
		[28, "PAD15", "T", -59.055, -120.195, 0],
		[29, "PAD16", "T", -59.055, -100.495, 0],
		[30, "PAD17", "T", -29.495, -70.945, 0],
		[31, "PAD18", "T", -9.795, -70.945, 0],
		[32, "PAD19", "T", 9.805, -70.945, 0],
		[33, "PAD20", "T", 29.505, -70.945, 0],
		[34, "PAD21", "T", 59.055, -100.495, 0],
		[35, "PAD22", "T", 59.055, -120.195, 0],
		[36, "PAD23", "T", 59.055, -139.795, 0],
		[37, "PAD24", "T", 59.055, -159.495, 0],
		[38, "PAD25", "T", -9.795, -189.055, 0],
		[39, "PAD26", "T", -29.495, -189.055, 0],
		[40, "PAD27", "T", 43.307, -290.005, 0],
		[41, "PAD28", "T", 43.307, -252.605, 0],
		[42, "PAD29", "T", 43.307, -327.395, 0],
		[43, "PAD30", "T", -43.313, -327.405, 0],
		[44, "PAD31", "T", 49.21, 27.593, 0],
		[45, "PAD32", "T", 29.53, 27.593, 0],
		[46, "PAD33", "T", 9.84, 27.593, 0],
		[47, "PAD34", "T", -9.84, 27.593, 0],
		[48, "PAD35", "T", -29.53, 27.593, 0],
		[49, "PAD36", "T", -68.9, 27.593, 0],
		[50, "PAD37", "T", 131.89, 27.593, 0],
		[51, "PAD38", "T", 120.08, 27.593, 0],
		[52, "PAD39", "T", 100.39, 27.593, 0],
		[53, "PAD40", "T", 88.58, 27.593, 0],
		[54, "PAD41", "T", -88.58, 27.593, 0],
		[55, "PAD42", "T", -100.4, 27.593, 0],
		[56, "PAD43", "T", -120.08, 27.593, 0],
		[57, "PAD44", "T", -131.89, 27.593, 0],
		[58, "PAD45", "T", -170.28, 222.403, 0],
		[59, "PAD45", "B", -170.28, 222.403, 0],
		[60, "PAD46", "T", -170.28, 57.843, 0],
		[61, "PAD46", "B", -170.28, 57.843, 0],
		[62, "PAD47", "T", 170.28, 57.843, 0],
		[63, "PAD47", "B", 170.28, 57.843, 0],
		[64, "PAD48", "T", 170.28, 222.403, 0],
		[65, "PAD48", "B", 170.28, 222.403, 0],
		[66, "PAD49", "T", 215, -55, 0],
		[67, "PAD49", "B", 215, -55, 0],
		[68, "PAD50", "T", 215, -155, 0],
		[69, "PAD50", "B", 215, -155, 0],
		[70, "PAD51", "T", 215, -255, 0],
		[71, "PAD51", "B", 215, -255, 0],
		[72, "PAD52", "T", 215, -355, 0],
		[73, "PAD52", "B", 215, -355, 0],
		[74, "PAD53", "T", 215, -455, 0],
		[75, "PAD53", "B", 215, -455, 0],
		[76, "PAD54", "T", -215, -55, 0],
		[77, "PAD54", "B", -215, -55, 0],
		[78, "PAD55", "T", -215, -155, 0],
		[79, "PAD55", "B", -215, -155, 0],
		[80, "PAD56", "T", -215, -255, 0],
		[81, "PAD56", "B", -215, -255, 0],
		[82, "PAD57", "T", -215, -355, 0],
		[83, "PAD57", "B", -215, -355, 0],
		[84, "PAD58", "T", -215, -455, 0],
		[85, "PAD58", "B", -215, -455, 0],
		[86, "PAD59", "T", -135, -444.66, 0],
		[87, "PAD60", "T", -135, -385.34, 0],
		[88, "PAD61", "T", 121.929, -430, 0],
		[89, "PAD62", "T", -11.929, -430, 0]
	]
},
"pins": {
	"fields": ["PIN_NO", "PIN_NAME", "PIN_X", "PIN_Y", "LAYER", "PIN_TYPE", "NET_NAME", "NET_TYPE", "PAD_SHAPE", "PAD_SIZEX", "PAD_SIZEY", "HOLE_SIZE", "HOLE_LEN", "PAD_ANGLE"],
	"rows": [
		[1, "C1_1", -140, -137.56, "T", "SMD", "GND", "GND", "R", 31.496, 35.433, 0, 0, 90],
		[2, "C1_2", -140, -82.44, "T", "SMD", "+5V", "", "R", 31.496, 35.433, 0, 0, 90],
		[3, "C2_1", -142.5895, -234.344, "T", "SMD", "GND", "GND", "R", 31.496, 35.433, 0, 0, 270],
		[4, "C2_2", -142.5895, -289.464, "T", "SMD", "VCC", "", "R", 31.496, 35.433, 0, 0, 270],
		[5, "C3_1", 142.68, -235, "T", "SMD", "GND", "GND", "R", 31.496, 35.433, 0, 0, 270],
		[6, "C3_2", 142.68, -290.12, "T", "SMD", "VCC", "", "R", 31.496, 35.433, 0, 0, 270],
		[7, "C4_1", 140, -147.56, "T", "SMD", "GND", "GND", "R", 31.496, 35.433, 0, 0, 90],
		[8, "C4_2", 140, -92.44, "T", "SMD", "+5V", "", "R", 31.496, 35.433, 0, 0, 90],
		[9, "H1_1", 215, -55, "T", "DIP", "+5V", "", "R", 66.929, 66.929, 43.308, 43.308, 270],
		[10, "H1_1", 215, -55, "B", "DIP", "+5V", "", "R", 66.929, 66.929, 43.308, 43.308, 270],
		[11, "H1_2", 215, -155, "T", "DIP", "GND", "GND", "C", 66.929, 66.929, 43.308, 43.308, 270],
		[12, "H1_2", 215, -155, "B", "DIP", "GND", "GND", "C", 66.929, 66.929, 43.308, 43.308, 270],
		[13, "H1_3", 215, -255, "T", "DIP", "VCC", "", "C", 66.929, 66.929, 43.308, 43.308, 270],
		[14, "H1_3", 215, -255, "B", "DIP", "VCC", "", "C", 66.929, 66.929, 43.308, 43.308, 270],
		[15, "H1_4", 215, -355, "T", "DIP", "SDA", "", "C", 66.929, 66.929, 43.308, 43.308, 270],
		[16, "H1_4", 215, -355, "B", "DIP", "SDA", "", "C", 66.929, 66.929, 43.308, 43.308, 270],
		[17, "H1_5", 215, -455, "T", "DIP", "SCL", "", "C", 66.929, 66.929, 43.308, 43.308, 270],
		[18, "H1_5", 215, -455, "B", "DIP", "SCL", "", "C", 66.929, 66.929, 43.308, 43.308, 270],
		[19, "H2_1", -215, -55, "T", "DIP", "MOSI", "", "R", 66.929, 66.929, 43.308, 43.308, 270],
		[20, "H2_1", -215, -55, "B", "DIP", "MOSI", "", "R", 66.929, 66.929, 43.308, 43.308, 270],
		[21, "H2_2", -215, -155, "T", "DIP", "MISO", "", "C", 66.929, 66.929, 43.308, 43.308, 270],
		[22, "H2_2", -215, -155, "B", "DIP", "MISO", "", "C", 66.929, 66.929, 43.308, 43.308, 270],
		[23, "H2_3", -215, -255, "T", "DIP", "SCK", "", "C", 66.929, 66.929, 43.308, 43.308, 270],
		[24, "H2_3", -215, -255, "B", "DIP", "SCK", "", "C", 66.929, 66.929, 43.308, 43.308, 270],
		[25, "H2_4", -215, -355, "T", "DIP", "TX", "", "C", 66.929, 66.929, 43.308, 43.308, 270],
		[26, "H2_4", -215, -355, "B", "DIP", "TX", "", "C", 66.929, 66.929, 43.308, 43.308, 270],
		[27, "H2_5", -215, -455, "T", "DIP", "RX", "", "C", 66.929, 66.929, 43.308, 43.308, 270],
		[28, "H2_5", -215, -455, "B", "DIP", "RX", "", "C", 66.929, 66.929, 43.308, 43.308, 270],
		[29, "R1_1", 102.96, -30, "T", "SMD", "$1N1340", "", "R", 22.27, 21.26, 0, 0, 0],
		[30, "R1_2", 137.04, -30, "T", "SMD", "GND", "GND", "R", 22.27, 21.26, 0, 0, 0],
		[31, "R2_1", -138.88, -25, "T", "SMD", "GND", "GND", "R", 22.27, 21.26, 0, 0, 0],
		[32, "R2_2", -104.8, -25, "T", "SMD", "$1N1346", "", "R", 22.27, 21.26, 0, 0, 0],
		[33, "R3_1", -135, -385.34, "T", "SMD", "DP", "", "R", 31.751, 34.016, 0, 0, 270],
		[34, "R3_2", -135, -444.66, "T", "SMD", "$1N2274", "", "R", 31.751, 34.016, 0, 0, 270],
		[35, "SW1_1", -11.929, -430, "T", "SMD", "$1N2274", "", "R", 31.496, 66.929, 0, 0, 0],
		[36, "SW1_2", 121.929, -430, "T", "SMD", "VCC", "", "R", 31.496, 66.929, 0, 0, 0],
		[37, "U1_1", -29.495, -189.055, "T", "SMD", "VCC", "", "R", 11.024, 31.496, 0, 0, 0],
		[38, "U1_2", -9.795, -189.055, "T", "SMD", "MOSI", "", "R", 11.024, 31.496, 0, 0, 0],
		[39, "U1_3", 9.805, -189.055, "T", "SMD", "NET_1", "", "R", 11.024, 31.496, 0, 0, 0],
		[40, "U1_4", 29.505, -189.055, "T", "SMD", "NET_2", "", "R", 11.024, 31.496, 0, 0, 0],
		[41, "U1_5", 59.055, -159.495, "T", "SMD", "MISO", "", "R", 31.496, 11.024, 0, 0, 0],
		[42, "U1_6", 59.055, -139.795, "T", "SMD", "SCK", "", "R", 31.496, 11.024, 0, 0, 0],
		[43, "U1_7", 59.055, -120.195, "T", "SMD", "$1N2118", "", "R", 31.496, 11.024, 0, 0, 0],
		[44, "U1_8", 59.055, -100.495, "T", "SMD", "$1N2123", "", "R", 31.496, 11.024, 0, 0, 0],
		[45, "U1_9", 29.505, -70.945, "T", "SMD", "TX", "", "R", 11.024, 31.496, 0, 0, 0],
		[46, "U1_10", 9.805, -70.945, "T", "SMD", "RX", "", "R", 11.024, 31.496, 0, 0, 0],
		[47, "U1_11", -9.795, -70.945, "T", "SMD", "$1N2150", "", "R", 11.024, 31.496, 0, 0, 0],
		[48, "U1_12", -29.495, -70.945, "T", "SMD", "SCL", "", "R", 11.024, 31.496, 0, 0, 0],
		[49, "U1_13", -59.055, -100.495, "T", "SMD", "SDA", "", "R", 31.496, 11.024, 0, 0, 0],
		[50, "U1_14", -59.055, -120.195, "T", "SMD", "DP", "", "R", 31.496, 11.024, 0, 0, 0],
		[51, "U1_15", -59.055, -139.795, "T", "SMD", "DN", "", "R", 31.496, 11.024, 0, 0, 0],
		[52, "U1_16", -59.055, -159.495, "T", "SMD", "VCC", "", "R", 31.496, 11.024, 0, 0, 0],
		[53, "U1_17", 0.005, -129.995, "T", "SMD", "NET_3", "", "P", 66.93, 66.93, 0, 0, 0],
		[54, "U2_1", 43.307, -327.395, "T", "SMD", "+5V", "", "R", 23.622, 39.37, 0, 0, 90],
		[55, "U2_2", 43.307, -290.005, "T", "SMD", "GND", "GND", "R", 23.622, 39.37, 0, 0, 90],
		[56, "U2_3", 43.307, -252.605, "T", "SMD", "+5V", "", "R", 23.622, 39.37, 0, 0, 90],
		[57, "U2_4", -43.313, -252.595, "T", "SMD", "NET_4", "", "R", 23.622, 39.37, 0, 0, 90],
		[58, "U2_5", -43.313, -327.405, "T", "SMD", "VCC", "", "R", 23.622, 39.37, 0, 0, 90],
		[59, "USBC2_0", 170.28, 57.843, "T", "DIP", "GND", "GND", "O", 47.244, 78.74, 31.496, 62.993, 180],
		[60, "USBC2_0", 170.28, 57.843, "B", "DIP", "GND", "GND", "O", 47.244, 78.74, 31.496, 62.993, 180],
		[61, "USBC2_1", -170.28, 57.843, "T", "DIP", "GND", "GND", "O", 47.244, 78.74, 31.496, 62.991, 180],
		[62, "USBC2_1", -170.28, 57.843, "B", "DIP", "GND", "GND", "O", 47.244, 78.74, 31.496, 62.991, 180],
		[63, "USBC2_2", -170.28, 222.403, "T", "DIP", "GND", "GND", "O", 47.244, 70.866, 31.496, 55.118, 180],
		[64, "USBC2_2", -170.28, 222.403, "B", "DIP", "GND", "GND", "O", 47.244, 70.866, 31.496, 55.118, 180],
		[65, "USBC2_3", 170.28, 222.403, "T", "DIP", "GND", "GND", "O", 47.244, 70.866, 31.496, 55.118, 180],
		[66, "USBC2_3", 170.28, 222.403, "B", "DIP", "GND", "GND", "O", 47.244, 70.866, 31.496, 55.118, 180],
		[67, "USBC2_A1", 131.89, 27.593, "T", "SMD", "GND", "GND", "R", 11.811, 51.181, 0, 0, 180],
		[68, "USBC2_A12", -131.89, 27.593, "T", "SMD", "GND", "GND", "R", 11.811, 51.181, 0, 0, 180],
		[69, "USBC2_A4", 100.39, 27.593, "T", "SMD", "+5V", "", "R", 11.811, 51.181, 0, 0, 180],
		[70, "USBC2_A5", 49.21, 27.593, "T", "SMD", "$1N1340", "", "R", 11.811, 51.181, 0, 0, 180],
		[71, "USBC2_A6", 9.84, 27.593, "T", "SMD", "DP", "", "R", 11.811, 51.181, 0, 0, 180],
		[72, "USBC2_A7", -9.84, 27.593, "T", "SMD", "DN", "", "R", 11.811, 51.181, 0, 0, 180],
		[73, "USBC2_A8", -49.2, 27.593, "T", "SMD", "NET_5", "", "R", 11.811, 51.181, 0, 0, 180],
		[74, "USBC2_A9", -100.4, 27.593, "T", "SMD", "+5V", "", "R", 11.811, 51.181, 0, 0, 180],
		[75, "USBC2_B1", -120.08, 27.593, "T", "SMD", "GND", "GND", "R", 11.811, 51.181, 0, 0, 180],
		[76, "USBC2_B12", 120.08, 27.593, "T", "SMD", "GND", "GND", "R", 11.811, 51.181, 0, 0, 180],
		[77, "USBC2_B4", -88.58, 27.593, "T", "SMD", "+5V", "", "R", 11.811, 51.181, 0, 0, 180],
		[78, "USBC2_B5", -68.9, 27.593, "T", "SMD", "$1N1346", "", "R", 11.811, 51.181, 0, 0, 180],
		[79, "USBC2_B6", -29.53, 27.593, "T", "SMD", "DP", "", "R", 11.811, 51.181, 0, 0, 180],
		[80, "USBC2_B7", 29.53, 27.593, "T", "SMD", "DN", "", "R", 11.811, 51.181, 0, 0, 180],
		[81, "USBC2_B8", 68.9, 27.593, "T", "SMD", "NET_6", "", "R", 11.811, 51.181, 0, 0, 180],
		[82, "USBC2_B9", 88.58, 27.593, "T", "SMD", "+5V", "", "R", 11.811, 51.181, 0, 0, 180],
		[83, "PAD1_2", -140, -82.44, "T", "SMD", "+5V", "", "R", 31.496, 35.433, 0, 0, 90],
		[84, "PAD2_1", -140, -137.56, "T", "SMD", "GND", "GND", "R", 31.496, 35.433, 0, 0, 90],
		[85, "PAD3_2", -142.5895, -289.464, "T", "SMD", "VCC", "", "R", 31.496, 35.433, 0, 0, 270],
		[86, "PAD4_1", -142.5895, -234.344, "T", "SMD", "GND", "GND", "R", 31.496, 35.433, 0, 0, 270],
		[87, "PAD5_2", 142.68, -290.12, "T", "SMD", "VCC", "", "R", 31.496, 35.433, 0, 0, 270],
		[88, "PAD6_1", 142.68, -235, "T", "SMD", "GND", "GND", "R", 31.496, 35.433, 0, 0, 270],
		[89, "PAD7_2", 140, -92.44, "T", "SMD", "+5V", "", "R", 31.496, 35.433, 0, 0, 90],
		[90, "PAD8_1", 140, -147.56, "T", "SMD", "GND", "GND", "R", 31.496, 35.433, 0, 0, 90],
		[91, "PAD9_2", 137.04, -30, "T", "SMD", "GND", "GND", "R", 22.27, 21.26, 0, 0, 0],
		[92, "PAD10_1", 102.96, -30, "T", "SMD", "$1N1340", "", "R", 22.27, 21.26, 0, 0, 0],
		[93, "PAD11_2", -104.8, -25, "T", "SMD", "$1N1346", "", "R", 22.27, 21.26, 0, 0, 0],
		[94, "PAD12_1", -138.88, -25, "T", "SMD", "GND", "GND", "R", 22.27, 21.26, 0, 0, 0],
		[95, "PAD13_16", -59.055, -159.495, "T", "SMD", "VCC", "", "R", 31.496, 11.024, 0, 0, 0],
		[96, "PAD14_15", -59.055, -139.795, "T", "SMD", "DN", "", "R", 31.496, 11.024, 0, 0, 0],
		[97, "PAD15_14", -59.055, -120.195, "T", "SMD", "DP", "", "R", 31.496, 11.024, 0, 0, 0],
		[98, "PAD16_13", -59.055, -100.495, "T", "SMD", "SDA", "", "R", 31.496, 11.024, 0, 0, 0],
		[99, "PAD17_12", -29.495, -70.945, "T", "SMD", "SCL", "", "R", 11.024, 31.496, 0, 0, 0],
		[100, "PAD18_11", -9.795, -70.945, "T", "SMD", "$1N2150", "", "R", 11.024, 31.496, 0, 0, 0],
		[101, "PAD19_10", 9.805, -70.945, "T", "SMD", "RX", "", "R", 11.024, 31.496, 0, 0, 0],
		[102, "PAD20_9", 29.505, -70.945, "T", "SMD", "TX", "", "R", 11.024, 31.496, 0, 0, 0],
		[103, "PAD21_8", 59.055, -100.495, "T", "SMD", "$1N2123", "", "R", 31.496, 11.024, 0, 0, 0],
		[104, "PAD22_7", 59.055, -120.195, "T", "SMD", "$1N2118", "", "R", 31.496, 11.024, 0, 0, 0],
		[105, "PAD23_6", 59.055, -139.795, "T", "SMD", "SCK", "", "R", 31.496, 11.024, 0, 0, 0],
		[106, "PAD24_5", 59.055, -159.495, "T", "SMD", "MISO", "", "R", 31.496, 11.024, 0, 0, 0],
		[107, "PAD25_2", -9.795, -189.055, "T", "SMD", "MOSI", "", "R", 11.024, 31.496, 0, 0, 0],
		[108, "PAD26_1", -29.495, -189.055, "T", "SMD", "VCC", "", "R", 11.024, 31.496, 0, 0, 0],
		[109, "PAD27_2", 43.307, -290.005, "T", "SMD", "GND", "GND", "R", 23.622, 39.37, 0, 0, 90],
		[110, "PAD28_3", 43.307, -252.605, "T", "SMD", "+5V", "", "R", 23.622, 39.37, 0, 0, 90],
		[111, "PAD29_1", 43.307, -327.395, "T", "SMD", "+5V", "", "R", 23.622, 39.37, 0, 0, 90],
		[112, "PAD30_5", -43.313, -327.405, "T", "SMD", "VCC", "", "R", 23.622, 39.37, 0, 0, 90],
		[113, "PAD31_A5", 49.21, 27.593, "T", "SMD", "$1N1340", "", "R", 11.811, 51.181, 0, 0, 180],
		[114, "PAD32_B7", 29.53, 27.593, "T", "SMD", "DN", "", "R", 11.811, 51.181, 0, 0, 180],
		[115, "PAD33_A6", 9.84, 27.593, "T", "SMD", "DP", "", "R", 11.811, 51.181, 0, 0, 180],
		[116, "PAD34_A7", -9.84, 27.593, "T", "SMD", "DN", "", "R", 11.811, 51.181, 0, 0, 180],
		[117, "PAD35_B6", -29.53, 27.593, "T", "SMD", "DP", "", "R", 11.811, 51.181, 0, 0, 180],
		[118, "PAD36_B5", -68.9, 27.593, "T", "SMD", "$1N1346", "", "R", 11.811, 51.181, 0, 0, 180],
		[119, "PAD37_A1", 131.89, 27.593, "T", "SMD", "GND", "GND", "R", 11.811, 51.181, 0, 0, 180],
		[120, "PAD38_B12", 120.08, 27.593, "T", "SMD", "GND", "GND", "R", 11.811, 51.181, 0, 0, 180],
		[121, "PAD39_A4", 100.39, 27.593, "T", "SMD", "+5V", "", "R", 11.811, 51.181, 0, 0, 180],
		[122, "PAD40_B9", 88.58, 27.593, "T", "SMD", "+5V", "", "R", 11.811, 51.181, 0, 0, 180],
		[123, "PAD41_B4", -88.58, 27.593, "T", "SMD", "+5V", "", "R", 11.811, 51.181, 0, 0, 180],
		[124, "PAD42_A9", -100.4, 27.593, "T", "SMD", "+5V", "", "R", 11.811, 51.181, 0, 0, 180],
		[125, "PAD43_B1", -120.08, 27.593, "T", "SMD", "GND", "GND", "R", 11.811, 51.181, 0, 0, 180],
		[126, "PAD44_A12", -131.89, 27.593, "T", "SMD", "GND", "GND", "R", 11.811, 51.181, 0, 0, 180],
		[127, "PAD45_2", -170.28, 222.403, "T", "DIP", "GND", "GND", "O", 47.244, 70.866, 31.496, 55.118, 180],
		[128, "PAD45_2", -170.28, 222.403, "B", "DIP", "GND", "GND", "O", 47.244, 70.866, 31.496, 55.118, 180],
		[129, "PAD46_1", -170.28, 57.843, "T", "DIP", "GND", "GND", "O", 47.244, 78.74, 31.496, 62.991, 180],
		[130, "PAD46_1", -170.28, 57.843, "B", "DIP", "GND", "GND", "O", 47.244, 78.74, 31.496, 62.991, 180],
		[131, "PAD47_0", 170.28, 57.843, "T", "DIP", "GND", "GND", "O", 47.244, 78.74, 31.496, 62.993, 180],
		[132, "PAD47_0", 170.28, 57.843, "B", "DIP", "GND", "GND", "O", 47.244, 78.74, 31.496, 62.993, 180],
		[133, "PAD48_3", 170.28, 222.403, "T", "DIP", "GND", "GND", "O", 47.244, 70.866, 31.496, 55.118, 180],
		[134, "PAD48_3", 170.28, 222.403, "B", "DIP", "GND", "GND", "O", 47.244, 70.866, 31.496, 55.118, 180],
		[135, "PAD49_1", 215, -55, "T", "DIP", "+5V", "", "R", 66.929, 66.929, 43.308, 43.308, 270],
		[136, "PAD49_1", 215, -55, "B", "DIP", "+5V", "", "R", 66.929, 66.929, 43.308, 43.308, 270],
		[137, "PAD50_2", 215, -155, "T", "DIP", "GND", "GND", "C", 66.929, 66.929, 43.308, 43.308, 270],
		[138, "PAD50_2", 215, -155, "B", "DIP", "GND", "GND", "C", 66.929, 66.929, 43.308, 43.308, 270],
		[139, "PAD51_3", 215, -255, "T", "DIP", "VCC", "", "C", 66.929, 66.929, 43.308, 43.308, 270],
		[140, "PAD51_3", 215, -255, "B", "DIP", "VCC", "", "C", 66.929, 66.929, 43.308, 43.308, 270],
		[141, "PAD52_4", 215, -355, "T", "DIP", "SDA", "", "C", 66.929, 66.929, 43.308, 43.308, 270],
		[142, "PAD52_4", 215, -355, "B", "DIP", "SDA", "", "C", 66.929, 66.929, 43.308, 43.308, 270],
		[143, "PAD53_5", 215, -455, "T", "DIP", "SCL", "", "C", 66.929, 66.929, 43.308, 43.308, 270],
		[144, "PAD53_5", 215, -455, "B", "DIP", "SCL", "", "C", 66.929, 66.929, 43.308, 43.308, 270],
		[145, "PAD54_1", -215, -55, "T", "DIP", "MOSI", "", "R", 66.929, 66.929, 43.308, 43.308, 270],
		[146, "PAD54_1", -215, -55, "B", "DIP", "MOSI", "", "R", 66.929, 66.929, 43.308, 43.308, 270],
		[147, "PAD55_2", -215, -155, "T", "DIP", "MISO", "", "C", 66.929, 66.929, 43.308, 43.308, 270],
		[148, "PAD55_2", -215, -155, "B", "DIP", "MISO", "", "C", 66.929, 66.929, 43.308, 43.308, 270],
		[149, "PAD56_3", -215, -255, "T", "DIP", "SCK", "", "C", 66.929, 66.929, 43.308, 43.308, 270],
		[150, "PAD56_3", -215, -255, "B", "DIP", "SCK", "", "C", 66.929, 66.929, 43.308, 43.308, 270],
		[151, "PAD57_4", -215, -355, "T", "DIP", "TX", "", "C", 66.929, 66.929, 43.308, 43.308, 270],
		[152, "PAD57_4", -215, -355, "B", "DIP", "TX", "", "C", 66.929, 66.929, 43.308, 43.308, 270],
		[153, "PAD58_5", -215, -455, "T", "DIP", "RX", "", "C", 66.929, 66.929, 43.308, 43.308, 270],
		[154, "PAD58_5", -215, -455, "B", "DIP", "RX", "", "C", 66.929, 66.929, 43.308, 43.308, 270],
		[155, "PAD59_2", -135, -444.66, "T", "SMD", "$1N2274", "", "R", 31.751, 34.016, 0, 0, 270],
		[156, "PAD60_1", -135, -385.34, "T", "SMD", "DP", "", "R", 31.751, 34.016, 0, 0, 270],
		[157, "PAD61_2", 121.929, -430, "T", "SMD", "VCC", "", "R", 31.496, 66.929, 0, 0, 0],
		[158, "PAD62_1", -11.929, -430, "T", "SMD", "$1N2274", "", "R", 31.496, 66.929, 0, 0, 0]
	]
}
}